Job Title,Job Type,Contractor Tier
Sentry.io Expert,Hourly: $15-$30,Intermediate
Looking for Highly Motivated Flutter Developer,Hourly: $35-$45,Intermediate
Fluter/ android developer,Fixed-price,Intermediate
Smooth LazyLoad & loading indicator to Infinite Scroll 5 Staggered/Listview element FlutterFlow app,Fixed-price,Expert
Experienced Backend Developer for Location-Based Soccer Flutter App,Hourly: $16-$30,Intermediate
Develop face detection function in flutter app,Fixed-price,Expert
Flutter + Firebase + BLE + server backend,Fixed-price,Intermediate
Migrate Legacy Native iOS/Android Codebase to Flutter/Dart,Hourly: $15-$30,Expert
"Senior Flutter Developer, Excels at API integration, State Management, and debugging.",Hourly: $25-$35,Expert
"Hybrid Mobile App Developer - React Native, Flutter",Hourly,Expert
Film & serie app,Fixed-price,Expert
Flutter IOS/ANDROID Features,Hourly: $12-$25,Entry level
Flutter Developer for Bug Fixes in Existing App,Fixed-price,Intermediate
Build quran read with compass by flutter,Fixed-price,Entry level
Building Admin panel and Partner app and User app (mobile app IOS and Android),Fixed-price,Expert
Need easily available Flutter Developer,Hourly: $34-$45,Intermediate
Seeking a Senior Flutter Developer,Hourly: $25-$45,Expert
fix error in Revnuecat configuration in flutter,Fixed-price,Intermediate
Build mobile application,Fixed-price,Intermediate
"Help debug production Flutter application (Firebase authentication, Android)",Fixed-price,Expert
Flutter with BLE with tie-in to outside API's.,Fixed-price,Intermediate
Flutter Web App For Renting Parking Spaces,Fixed-price,Intermediate
Personalized News App: A news app that uses GPT-3 to generate personalized news summaries,Fixed-price,Intermediate
Full-stack mobile app engineer,Hourly: $25-$47,Expert
App developer needed ASAP,Hourly: $25-$40,Expert
Flutter,Hourly: $15-$30,Intermediate
Flutter/Dart developer to fix BLE connectivity on Mobile Application,Fixed-price,Expert
Freelance Flutter developer - 1 to 3 years of experience,Hourly: $7-$10,Intermediate
Referral system integration in Flutter and Laravel Backend,Fixed-price,Expert
Laundry App,Fixed-price,Expert
Basic Quiz Mobile App,Fixed-price,Intermediate
Flutter developer to fix the feedback on the registration page.,Fixed-price,Expert
Flutter developer to complete the feature on the course/competition page,Fixed-price,Expert
Flutter developer to complete the leaderboard feature.,Fixed-price,Expert
A Flutter app for managing restaurant,Fixed-price,Intermediate
Flutter Developer,Hourly: $25-$45,Expert
Flutter developer to fix the edit profile and profile pages.,Fixed-price,Expert
Android developer needed who can work on flutter,Fixed-price,Intermediate
PDFMAILER Mobile App,Fixed-price,Expert
API integration in Flutter App,Hourly,Expert
Flutter developer for a grocery project,Fixed-price,Expert
Job Title: Flutter Developer,Hourly: $20-$45,Expert
Programming Languages Tests,Hourly: $25-$47,Expert
Mobile Application Developer - Flutter and AWS Amplify,Hourly: $15-$30,Intermediate
Frameworks Tests,Hourly: $25-$47,Expert
Cryptocurrency Related Tests,Hourly: $25-$47,Expert
Talented Flutter developer needed for an exciting new QR code app,Hourly,Intermediate
Modify my flutter app,Fixed-price,Expert
Flutter developer required on a monthly basis (Must have exp in bloc architecture),Fixed-price,Entry level
Native Mobile Framework Development,Hourly,Expert
Flutter developers/Health Product,Hourly: $15-$40,Intermediate
Flutter - Fix Cognito auth issue in my existing flutter app,Fixed-price,Expert
FLUTTER FIREBASE DYNAMIC LINKS CUSTOM URL SCHEME FACEBOOK ADS not working as deep link.,Fixed-price,Expert
Flutter app dev for health app,Hourly: $15-$30,Intermediate
Migrate Legacy Native iOS/Android Codebase to Flutter/Dart,Hourly: $15-$30,Expert
Existing flutter app need a developer to fix push notifications not working in production,Fixed-price,Intermediate
Update Hybrid Flutter Screen design,Fixed-price,Expert
Full stack mobile app (Flutter) developer- Expert,Hourly: $5-$10,Expert
Flutter Developer,Hourly: $13-$15,Intermediate
Roku SDK Development,Hourly: $25-$45,Expert
Flutter team for fintech app,Hourly: $15-$25,Expert
Marketplace app,Fixed-price,Intermediate
App Developer,Fixed-price,Intermediate
Multi-Platform App for Android + iOS + Zoom (web),Hourly: $50-$71,Intermediate
fixing bug in revnueCat configuration in flutter,Fixed-price,Intermediate
Revenue cat configuration error,Fixed-price,Expert
Flutter Developer for Music Streaming App,Hourly: $25-$45,Expert
Flutter Developer,Hourly: $15-$30,Intermediate
Modify and follow up on an existing project,Fixed-price,Expert
Flutter App with Uber Cab like features,Hourly,Intermediate
Flutter developer for IOS and Android application,Hourly: $5-$7,Intermediate
Live Camera Scan for Flutter App,Hourly,Expert
Rebuild existing mobile app without the bugs - for apple and android,Fixed-price,Expert
Mobile App Development Authentication with Firebase,Hourly,Intermediate
"Development of simple game on Flutter - ""12 Throw""",Fixed-price,Intermediate
Rebuild ready Flutter app,Fixed-price,Intermediate
Build me a game in Flutter,Fixed-price,Entry level
We need to implement a reset password function on our mobile app,Fixed-price,Intermediate
Customization of completed Flutter app,Hourly,Expert
Flutter with RS485 control board communication protocol,Fixed-price,Intermediate
"Changes on Read, Compose . Reskin , Photo",Fixed-price,Intermediate
Freelance Flutter Developer,Fixed-price,Intermediate
Flutter development - Login And Onboarding for Tablet and computer screens,Fixed-price,Intermediate
Ui ux mobile app designer,Hourly: $15-$35,Intermediate
Android Developer,Hourly,Expert
Need to do changes in the flutter and which has firebase backend ( features and bugs),Hourly: $10,Intermediate
"Need a Sr, Flutter developer",Fixed-price,Expert
Fix a subtle bug,Fixed-price,Expert
Seeking a flutter developer with stripe plugin experience,Hourly,Expert
App Developer Lead,Fixed-price,Expert
Frontend flutter,Fixed-price,Entry level
Simple community Mobile app,Fixed-price,Intermediate
Flutter App Frontend,Fixed-price,Expert
Flutter Developer,Fixed-price,Intermediate
Flutter Developer,Fixed-price,Intermediate
Full time Senior Flutter Developer for Complex SDK integrations,Hourly: $45-$60,Expert
Flutter Developer,Fixed-price,Expert
Flutter Developer Required,Fixed-price,Intermediate
"Full Stack Backend Development for Social Network App (WebRTC, VoIP, Chat, Video Sharing...)",Fixed-price,Expert
App for iOS and Android,Fixed-price,Intermediate
A programmer is required to work on an application similar to Tik Tok 100%,Fixed-price,Entry level
Full stack App developer for a D2C company,Fixed-price,Expert
Built Github dart App,Fixed-price,Intermediate
UI/UX Design teacher for 1 month,Fixed-price,Expert
Dockerize our Flutter app,Hourly: $22-$43,Intermediate
Mobile integration into media source and MMP (appsflyer),Hourly: $25-$60,Expert
Flutter developer,Hourly,Expert
NodeJS and FlutterFlow developer for a simple app,Hourly: $13-$28,Entry level
FlutterFlow + Flutter + Webhooks,Hourly: $5-$25,Expert
Flutter Technical Content Creator,Hourly,Expert
Migrate Ionic app to FlutterFlow,Fixed-price,Intermediate
Senior App Developer,Hourly: $10-$15,Expert
I need an professional Flutter app developer,Fixed-price,Entry level
Designer UX/UI for a mobile app,Hourly: $17-$35,Intermediate
Flutter Developers - Long-Term Partnership,Hourly: $10-$40,Intermediate
Flutter app task and publish the app on app store,Fixed-price,Expert
Develop a WAZE like geolocation mobile app,Fixed-price,Intermediate
Want CapCut similar,Fixed-price,Intermediate
Integrate ChatGPT chatbot API into an existing flutter app.,Fixed-price,Expert
Flutter Developer (Indonesia Only),Hourly: $5-$10,Entry level
Native App development - Flutter,Fixed-price,Intermediate
Field Sales/CRM Mobile App with FlutterFlow,Fixed-price,Intermediate
Fullstack backend development,Fixed-price,Intermediate
Food Biding App on flutter with admin dashboard with firebase,Fixed-price,Intermediate
Senior Flutter Developer,Hourly: $20-$30,Expert
Flutter Code upgrade,Fixed-price,Intermediate
Migrating MySQL databases to Firebase Firestore databases in Flutterflow,Fixed-price,Entry level
Flutter Developer for iOS App Development,Hourly: $10-$25,Expert
Flutter logic developer,Fixed-price,Expert
"UI developer - Flutter, angular and jQuery - Baner, Pune, India",Hourly: $10-$12,Intermediate
Flutter iOS Android developer,Hourly: $12-$18,Expert
Add Smooth LazyLoad & loading indicator to Infinite Scroll 5 Staggered/Listview element Flutter App,Fixed-price,Expert
Flutter,Hourly: $25-$45,Expert
Need flutter developer who have worked on ecommerce app developer and have developed atlist 3-4 apps,Hourly: $4-$6,Intermediate
Flutter Apps with PHP backend projects need to be launched,Fixed-price,Expert
Dating app front end development using flutter,Hourly: $25-$45,Expert
Flutter Riverpod Expert - Shopping Cart,Hourly: $25-$50,Expert
Build my MVP Mobile App,Fixed-price,Expert
Expert Flutter Developer with experience in FlutterFlow & Firebase,Hourly: $40-$65,Expert
Fix some Errors in flutter project,Hourly: $15-$30,Expert
"Flutter Software engineer (full time, long-term)",Hourly: $25-$45,Expert
Low Code Developer Needed to Build MVP,Hourly: $25-$47,Expert
Flutter Developer needed for Hookup App,Hourly: $25-$45,Expert
Flutter Developer for frontend work,Fixed-price,Intermediate
Senior Software Developer Contract – Firebase + Flutter,Fixed-price,Expert
Flutter App requires API integration,Hourly: $10-$20,Intermediate
Phaser 3 game quick payments milestones.,Hourly,Entry level
Looking for Senior Flutter Developer,Hourly,Intermediate
"Web APP, API, Flutter",Fixed-price,Expert
Ios Flutter Deployment,Fixed-price,Intermediate
Search filter in flutter app,Fixed-price,Entry level
Flutter custom widget,Fixed-price,Intermediate
Flutter app maintenance in Lahore,Fixed-price,Expert
To install and upload script,Fixed-price,Intermediate
"Flutter: Native Paypal Payment with Item Description, Tax and Subscriptions Support.",Fixed-price,Entry level
"Development of simple game on Flutter - ""Ice Cells""",Fixed-price,Intermediate
"Development of simple game on Flutter - ""Neon Squaretwist""",Fixed-price,Intermediate
Locker equipment App (Android/flutter),Fixed-price,Intermediate
Software Architect for SaaS Consultancy Call,Fixed-price,Expert
Android Application Integration About E-Commerce with Flutter,Fixed-price,Intermediate
Flutter Developer On Contract,Fixed-price,Intermediate
Flutter Developer - Create build & fix play store Error occurs at the time of uploading,Fixed-price,Expert
Flutter Developer required to convert figma design in flutter app with api integration,Hourly: $8-$10,Intermediate
Flutter - Car Rental System Enhancement,Fixed-price,Intermediate
Build loan app simple one,Fixed-price,Intermediate
Mobile App Developer for Health and Wellness AI Platform (iOS and Android),Fixed-price,Expert
Flutter and Firebase developer needed for crypto integrated dating app.,Hourly: $10-$30,Expert
Python Developer,Fixed-price,Intermediate
Looking for a Senior Flutter developer with MVVM and AWS Amplify experience!,Hourly: $20-$50,Expert
Build an app with Flutter to scan images and PDFs into json,Fixed-price,Intermediate
Mobile App Developer/ Co founder needed for financially backed startup,Hourly,Intermediate
Developer for Upcoming startup projects,Hourly: $10-$25,Entry level
Continue Full Stack Flutter Project,Hourly: $25-$50,Expert
Uber like lutter devloper,Hourly: $15-$30,Intermediate
We need Flutter developer + AWS or Azure and needing UI/UX Design,Fixed-price,Intermediate
Senior Flutter Developer,Fixed-price,Intermediate
Flutter IOS Dev Needed - Small Job - Bug Fixes,Fixed-price,Intermediate
Rebuild an existing Android App with Flutter,Fixed-price,Intermediate
Quick Flutter Job For Icon,Fixed-price,Expert
Required flutter and laravel customisation,Fixed-price,Entry level
Mobile Gaming App,Fixed-price,Intermediate
Potreban full stack developer za mobilnu i web aplikaciju python/angular i flutter tehnologije,Hourly: $15-$30,Intermediate
Mobile App Development,Fixed-price,Intermediate
Mobile app developer for business,Hourly: $15-$30,Intermediate
Flutter app- Bugfixes,Fixed-price,Expert
Urgently looking for an experienced Flutter developer,Fixed-price,Intermediate
Full time Flutter Developer,Hourly,Intermediate
Flutter App for e-commerce,Fixed-price,Expert
Build chat functionality for social media app built on flutter using 3rd party API,Fixed-price,Intermediate
Flutter Application Developer,Hourly: $10-$20,Entry level
Flutter Developer Required,Fixed-price,Intermediate
Ecommerce App development in flutter,Fixed-price,Intermediate
Flutter Mobile Developer at a Fintech Company,Fixed-price,Intermediate
Flutter Developer for an answering machine app,Fixed-price,Intermediate
Food Subscription Web/Mobile App MVP,Fixed-price,Intermediate
Flutter developer,Fixed-price,Intermediate
Build pages for a flutter app (stock analysis),Hourly,Intermediate
Flutter developer to remanage the folder structure and implement provider,Fixed-price,Intermediate
App developer & Ai expert for Recruitment platform,Fixed-price,Expert
Need a Flutter Developer,Hourly: $15-$25,Expert
Mobile Software Architect,Fixed-price,Expert
I need a Flutter Developer + Full Stack Web Developer,Fixed-price,Expert
Looking for flutter app developer,Fixed-price,Entry level
Integrate payment on Flutter Ecommerce App,Fixed-price,Expert
Need for Full stack developer mobile application,Fixed-price,Intermediate
Build app depending on image processing,Fixed-price,Intermediate
Trading apps development on flutter,Fixed-price,Intermediate
Android Native Devveloper,Hourly: $18-$19,Intermediate
Looking for Flutter developer,Hourly: $10-$15,Expert
Reactive Native iOS/Android e-commerce app,Hourly: $25-$100,Expert
Flutter Developer - Monthly Contract Basic,Fixed-price,Entry level
Create ai app,Fixed-price,Intermediate
Build a Flutter App for process automation,Fixed-price,Expert
Looking for a UK-based Flutter Developer,Hourly: $15-$30,Intermediate
Bug fix flutter app,Fixed-price,Expert
Swift project migration,Hourly: $15-$25,Intermediate
Fullstack to build a first version of SaaS platform with Flutter & Flutterflow,Fixed-price,Expert
Flutter dev to fix existing codebase,Hourly: $15-$25,Intermediate
"Customize to add features on Android, Ios and Admin panel",Fixed-price,Expert
Seeking Advanced Mobile Developer,Hourly: $25-$45,Expert
Flutter developer,Hourly: $25-$45,Expert
Build a search engine with Angolia API for a Flutter application,Fixed-price,Intermediate
Urgent Hiring: Flutter Developer Needed for Responsive Screens,Fixed-price,Intermediate
Flutter Commerce App with Python Backend,Fixed-price,Expert
Build map based app in Flutter for world wide use in partnership with the designer,Fixed-price,Intermediate
Fix errors in microphone recording web functionality,Fixed-price,Intermediate
Add a few features and fix bugs of an existing flutter app - URGENT,Fixed-price,Intermediate
"Flutter iOS, Android App, web mobile acces and Administrator Backoffice in React for Surveillance",Hourly: $15-$30,Intermediate
App Developer,Fixed-price,Expert
Flutter work,Hourly,Expert
Hybrid APP,Hourly: $20-$40,Intermediate
Need a flutter Developer for resolving few bugs,Fixed-price,Intermediate
Need Flutter Dev with Bloc State Management Experience,Hourly: $8-$10,Expert
Flutter developer for simple Tools & Utility mobile apps,Hourly: $10-$25,Intermediate
Travel App Developer,Hourly: $3-$15,Intermediate
Socket/tracking implementation,Fixed-price,Expert
Front End Development of Mobile Application built on flutter.,Fixed-price,Expert
Need to Develop an app & website for a Marketplace Product (like Airbnb),Hourly,Expert
Mobile App Development,Fixed-price,Expert
Flutter Developer,Fixed-price,Intermediate
Convert Ionic App to Flutter,Fixed-price,Intermediate
"Flutter, Strapi Devs",Hourly: $20-$45,Expert
Flutter app security review,Hourly: $25-$45,Expert
Custom website + mobile apps (ios/android) for a service marketplace,Hourly: $25-$40,Intermediate
Full Stack & Blockchain Developer with knowledge in Kadena chain,Fixed-price,Expert
Flutter- Strapi Devs,Hourly: $10-$30,Expert
"Pose Estimation Mobile Application prototype (Flutter, Google ML Kit)",Hourly: $30-$60,Expert
"Flutter, mobile app taxi booking app",Hourly: $10-$25,Expert
Senior Full Stack Web Application Developer!! Best Practices ONLY (all applicants will be tested).,Hourly,Expert
React Native Expert Developer,Fixed-price,Expert
Music Industry Flutter Developer(s) wanted,Hourly: $15-$45,Intermediate
A programmer is required to work on an application similar to Tik Tok 100%,Fixed-price,Entry level
Help on flutter project on MacOs,Fixed-price,Intermediate
iOS & Flutter Developer,Hourly: $25-$45,Expert
Social Media webapp. $4k - ( existing template already),Fixed-price,Intermediate
Mobile App App Development,Fixed-price,Intermediate
Mid-Senior / Senior Flutter developer for ongoing project (Eastern-Europe preferred),Hourly: $15-$25,Expert
Payment Flow,Fixed-price,Intermediate
Looking for a Flutter app developer,Hourly: $15-$30,Intermediate
"Help, edit and finalize Flutterflow project",Hourly: $15-$30,Intermediate
Flutter Developer with face recognition experience,Fixed-price,Expert
I want to implement Strip Payout for Marketplace.,Fixed-price,Expert
Edit A Book on Flutter Development ($0.08 Per Word),Hourly: $20-$35,Intermediate
Senior iOS and Android Developer needed,Hourly: $70-$90,Expert
Simple Flutter/Gradler Android App update,Hourly: $15-$35,Intermediate
Flutter developper,Hourly: $15-$25,Expert
"An application developer is required to create an application from scratch, 100% similar to TikTok,",Fixed-price,Expert
Finish app development,Fixed-price,Intermediate
"Flutter dev, to help us make our Android app IOS ready",Fixed-price,Intermediate
Online Payment Gateway Integration,Fixed-price,Expert
Create PDF app with subscription option using a code we will buy from code canyon,Fixed-price,Entry level
Live Camera Scan for Flutter App,Hourly,Expert
Flutter developer,Hourly: $3-$15,Expert
Flutter Web Developer,Fixed-price,Intermediate
Developer app mobile,Fixed-price,Intermediate
Flutter Developer needed,Hourly: $10-$15,Intermediate
Sharing Economy plattform for items,Hourly: $10-$20,Intermediate
"""Friendyfye""Flutter app for finding and meeting people",Fixed-price,Expert
Uber Eat Clone Project,Fixed-price,Expert
Similar to WhatsApp and Connect to my Social Community App,Fixed-price,Expert
Requirement to develop the Facebook Messenger Link application,Fixed-price,Expert
A ecommerce multivendor platform,Hourly: $13-$25,Intermediate
Pharmacy management system,Hourly: $15-$20,Intermediate
Ops and Support Engineers,Hourly,Intermediate
Flutter frontend Node js backend dev,Fixed-price,Intermediate
Flutter existing app just needs to add from 2 Google play request warnings,Fixed-price,Expert
Hire Flutter to add some feature to current app (Handyman Service app),Fixed-price,Intermediate
Mobile app using Flutter - phase 10,Fixed-price,Expert
Mobile Application Developer,Hourly: $3-$15,Expert
Programador para WEB PANEL (PHP) para APP FLUTTER,Fixed-price,Intermediate
Build an app for doctor appointment,Fixed-price,Intermediate
Expert Developer in FLUTTER,Hourly: $8-$15,Expert
Mobile App Developer (AI Dating App),Hourly: $10-$30,Expert
Android Developer,Fixed-price,Expert
Create a mobile application on iOS and Android,Fixed-price,Entry level
Android Developer for Always On Digital Signage,Hourly: $15-$30,Intermediate
Migration of Flutter application to Null Safe Version.,Fixed-price,Intermediate
Mobile Developer needed for Object detection and classification.,Hourly: $20-$105,Entry level
Flutter app ongoing project development,Fixed-price,Expert
Mobile Application Developer,Hourly,Expert
"WEB -PYTHON, NODE.Js",Hourly: $33-$45,Intermediate
"WEB -PYTHON, NODE.Js",Hourly: $33-$45,Intermediate
Build a Flutter with AWS Amplify and Stripe,Hourly: $15-$35,Expert
Looking for app developer,Fixed-price,Expert
Need Flutter and Firebase Developer(s),Fixed-price,Expert
I need an experienced flutter developer to make an app like bayut - property search,Fixed-price,Expert
Integrate audio player & online subscriptions for a flutter app,Fixed-price,Expert
Need someone to work on backend of our flutter applications,Fixed-price,Intermediate
"WEB -PYTHON, NODE.Js",Hourly: $33-$45,Intermediate
Flutter Mobile Fixture plus Web Admin Panels,Fixed-price,Expert
Flutter Expert,Hourly,Expert
Need a Flutterflow Developer,Hourly,Intermediate
Looking for expert Flutter developer,Hourly: $5-$10,Intermediate
Mobile developer,Hourly: $15-$40,Expert
Flutter Developer,Fixed-price,Expert
Full Stack Developer for Mobile Application,Fixed-price,Intermediate
Looking for a Flutter developer to continue to build my website,Fixed-price,Expert
Cross platform app developer needed to build a shopping app-Only for Ukraine & European developers,Fixed-price,Expert
Figma to Flutter app,Hourly: $25-$35,Expert
Cloud based wallet with app interface redemption at P.O.S,Fixed-price,Intermediate
Flutter: Develop Or Customize radio \ podcast app,Fixed-price,Intermediate
Write a Web-Flutter bridge to use twilio_voice Dart package,Hourly,Expert
Develop android app with java/kotlin or flutter.,Fixed-price,Intermediate
"Recurring full stack developer (PHP Laravel, Flutter)",Fixed-price,Expert
Need a Flutter developer,Fixed-price,Entry level
Conversation chat with AI/Chatgpt,Hourly,Expert
Developer needed with Flutter experience,Fixed-price,Expert
Looking for a Senior Full Stack Flutter Mobile Developer,Hourly: $40-$70,Intermediate
Need Flutter dev to update our app,Hourly: $15-$45,Intermediate
AWS Cognito Serverless Proof of Concept and SME,Hourly: $25-$125,Expert
Expert Flutter Developer with stripe experience,Hourly: $25-$45,Expert
EXPERT Flutter Developer needed to help complete awesome social media app,Fixed-price,Expert
Flutter Developer,Hourly: $70-$90,Expert
Online service providing portal,Fixed-price,Expert
GO & Flutter Developers Required,Hourly: $10-$20,Intermediate
Flutter app for Banking and Cards,Fixed-price,Expert
Sr. Flutter Developer - Sellsgram,Hourly: $20-$25,Expert
Mobile iOS & Android app developer,Hourly: $20-$45,Expert
Experienced Flutter Developer,Fixed-price,Expert
Looking for java/flutter developer who may further develop & support Web portal and mobile app,Hourly: $20-$35,Expert
Need a Flutter Developer,Fixed-price,Intermediate
Payment Gateway Integration in Laravel + Flutter App,Fixed-price,Expert
Flutter/Frontend Mobile Developer needed for Fintech app,Hourly: $20,Expert
Create Apple Developer Account and Submit my App,Fixed-price,Entry level
Live Camera Scan for Flutter App,Hourly,Expert
Are you full-stack developer?,Hourly: $15-$30,Intermediate
Explain how to generate.ipa file using xcode,Hourly: $15-$30,Intermediate
Need a flutter and react developer,Fixed-price,Intermediate
Codecanyon Fluxstore to Customize,Fixed-price,Intermediate
Energetic Intern Developer for Exciting Project,Hourly,Entry level
Creating a platform with AI techonology,Hourly: $15-$30,Intermediate
Developer is needed!,Hourly: $15-$30,Intermediate
Python Django Dev. for Mobile App Launch,Hourly: $16-$45,Intermediate
Mobile Cross Platform Applications Development Team Wanted for Social/Consumer App Project,Fixed-price,Expert
Flutter UI Developer with Api integration,Fixed-price,Expert
Chat app in flutter with admin,Hourly: $15-$30,Intermediate
RevenueCat and Flutter expert for tech consultation,Hourly: $25-$45,Expert
Mobile App Development,Fixed-price,Intermediate
Flutter Developer | iOS | Firebase,Fixed-price,Expert
Android App developer with apps on playstore more than 10+ downloads,Fixed-price,Entry level
Multi-Document Scanner App using Flutter and Superbase,Fixed-price,Intermediate
Looking for flutter mobile application developer,Fixed-price,Entry level
Flutter Developer to upgrade my existing app,Fixed-price,Entry level
Flutter Personal Expense/Income App with Odoo,Hourly,Intermediate
Flutter Developer,Hourly,Expert
Build Flutter UI,Hourly: $20-$30,Intermediate
GA4 and Adwords Setup,Hourly: $13-$40,Intermediate
Chatgpt mobile app,Fixed-price,Entry level
Simple flutter screen,Fixed-price,Intermediate
Flutter mobile app will be updated ( firebase ),Fixed-price,Expert
Looking for mobile app monetization expert,Hourly: $8-$20,Intermediate
Experienced Flutter Developer Wanted for Fitness App,Hourly: $20-$30,Expert
Flutter App - Changes,Fixed-price,Expert
Experienced Flutter Developer Wanted for Fitness App,Hourly: $15-$30,Intermediate
Flutter and Laravel developer,Hourly: $13-$30,Intermediate
Machine learning,Fixed-price,Expert
Android Developer - Kotlin,Hourly: $10-$15,Intermediate
(Mid/Senior) Flutter Developer,Hourly: $15-$30,Intermediate
Hiring a Unity Developer for a fintech game,Fixed-price,Intermediate
Looking for a senior Full Stack Developer,Hourly: $15-$30,Intermediate
I want like this app,Fixed-price,Intermediate
Build Custom Android OS + kiosk mode (run only this app on the Android TV box),Hourly,Intermediate
Android and IOS Facebook advertising,Fixed-price,Intermediate
Flutter mentor/consultant for startup employees,Hourly,Expert
Junior Flutter Developer,Hourly: $5-$10,Entry level
"Flutter Developer with Min 1 Yr Exp for a Startup in Kerala, India",Hourly: $4-$13,Intermediate
Flutter Developer,Hourly,Intermediate
Flutter App development for IOS and Android,Hourly: $10-$13,Intermediate
AI avatar app,Fixed-price,Entry level
"Flutter Bug fixings, Update Library, Add Delivery conditions",Hourly,Expert
Template for events on Flutter Web,Fixed-price,Intermediate
Create flutter application,Fixed-price,Entry level
Multiplatform IOS and android application,Fixed-price,Expert
Flutter/Dart Developer - Search feature and Integrate with API.,Fixed-price,Expert
Updates to our App,Fixed-price,Expert
Create a Flutter mobile app based on design,Hourly,Intermediate
Agregar nuevas características a una app desarrollada en flutter con backend en node js,Hourly: $10-$20,Intermediate
DEVELOPING A MANAGEMENT SYSTEM APPLICATION in Education ERP in Flutter,Fixed-price,Expert
Build an iOS & Android app with user management and user specific pages for consumer product control,Fixed-price,Intermediate
"Full Stack app developer - Flutter, GraphQL",Hourly: $5-$7,Intermediate
Custmzation in flutter app,Fixed-price,Entry level
Complete Registration Screens,Fixed-price,Expert
Looking for a Flutter developer,Hourly: $15-$25,Intermediate
Add set of features to our On Demand Delivery Platform,Fixed-price,Intermediate
Help Run Flutter App in Windows and Mac,Fixed-price,Expert
Part-time Remote Fluxstore WooCommerce/Shopify Flutter App Developer,Hourly,Intermediate
Code and Design Review of Flutter Application,Fixed-price,Expert
Laravel website and flutter app cutomization,Fixed-price,Expert
Flutter Developer for mobile app,Hourly: $20-$25,Expert
Multi Level Marketking,Fixed-price,Expert
Flutter - Mobile & Web Development,Hourly,Expert
Senior Full-Stack Flutter Developer,Hourly: $25-$47,Expert
Looking for an experienced Flutter developer help an Augmented reality project,Hourly: $25-$45,Expert
OTT Platform (YouTube model),Fixed-price,Expert
Full Stack Developer,Hourly,Intermediate
Develop and SAAS ERP software,Fixed-price,Expert
integrate a sci-kit learn ML model to simple flutter mobile app,Fixed-price,Entry level
Need Flutter developer to fix some bugs,Fixed-price,Intermediate
Flutter developer,Hourly: $7-$8,Intermediate
Flutter Developer,Hourly: $15-$30,Intermediate
Flutter developer for location related social media,Hourly: $10-$30,Expert
OpenCV2 Library integration for Flutter dart:ffi project,Hourly: $15-$30,Intermediate
Flutter Developer,Hourly,Intermediate
Live Camera Scan for Flutter App,Hourly,Expert
Social webapp. $4k budget,Hourly,Intermediate
Mobile App development require,Fixed-price,Expert
Mobile app Flutter Developer at VASTMED,Hourly: $10-$25,Expert
flutter developer for a WebView project,Fixed-price,Intermediate
Flutter developer to fix a few known bugs with a future plan,Fixed-price,Intermediate
Garbage collection app,Hourly,Intermediate
Senior flutter developer,Hourly: $15-$30,Intermediate
Need Flutter Developerfor change Design in Small App.,Fixed-price,Entry level
Flutter app Android/iPhone developer for an existing clock and attendance app,Fixed-price,Intermediate
Uber Clone Taxi App,Fixed-price,Intermediate
Simple Shopping and Payment App,Fixed-price,Expert
Build V1 of my flutter/android/mobile Application,Hourly: $10-$45,Expert
Flutter App to Bluetooth Pair EsP32 dev board and display electrical switch data,Hourly: $8-$25,Intermediate
Mobile App Development with Flutter,Hourly: $15-$30,Intermediate
Need a Flutter/Dart Developer to build leaderbord and Integrate with API.,Fixed-price,Expert
Lead Senior Developer - Fintech Startup,Fixed-price,Expert
Need a Flutter/Dart Developer to implement the competitions portal and Integrate with API.,Fixed-price,Expert
"Fullstack experts(Only individual developers) in Flutter, Laravel, MySQL to enhance an existing App.",Fixed-price,Expert
Hybrid Dev needed for Social Media App,Hourly: $25-$40,Intermediate
Looking for a Flutter Developer for my company with a monthly salary,Hourly: $7-$15,Intermediate
Senior Flutter Developer for Social Networking App,Hourly: $20-$30,Expert
Migrating Ionic App to FlutterFlow,Hourly: $10-$20,Expert
Flutter Project Help Wanted,Fixed-price,Intermediate
Remote Flutter Expert to convert React.js site to App,Fixed-price,Expert
APP developer (Flutter),Hourly: $20-$80,Expert
In need of a flutter Developer to Customize an Existing Flutter Project (Adding Additional Features),Fixed-price,Expert
Live Camera Scan for Flutter App,Hourly,Expert
Develop OTP authorization in the Flutter app,Fixed-price,Intermediate
Are you full-stack developer?,Hourly: $15-$30,Intermediate
Flutter Mobile Developer,Hourly: $10-$30,Expert
Developer is needed!,Hourly: $15-$30,Intermediate
PWA - capacitorjs and Ionic for Webview Mobile App,Hourly: $25-$45,Expert
Web and App developer needed,Fixed-price,Expert
Flutter development for social media e-learning app,Fixed-price,Expert
Flutter developer Needed for long term project,Hourly,Intermediate
Flutter WEB UI Development,Fixed-price,Expert
Flutter Developer for Invoicing mobile app,Fixed-price,Intermediate
Mobile developer - React native Or Flutter - Price Negotiable,Fixed-price,Expert
I Need a flutter Developer,Hourly: $12-$25,Entry level
"Progressive web application development, 14 module, MySQL MongoDB; Flutter, Angular, Kotlin, js",Hourly,Expert
"Full-Stack Flutter Developer with strong knowledge on GraphQL, NodeJS, and TypeScript",Fixed-price,Expert
Mobile App Development-Psychology,Fixed-price,Expert
Need a flutter and Firebase developer to build the force and optional app update feature,Fixed-price,Expert
Need a Flutter/Dart Developer to add a review feature on the course detail page.,Fixed-price,Expert
"RFQ for Flutter iOS/Android App (Prototype Done, w/Source Code) Approx. 80-100 Screens See RFQ PDF",Hourly: $15-$30,Intermediate
iOS Developer Node.js + Flutter,Hourly: $40-$70,Intermediate
Need a App Developer: Flutter,Fixed-price,Intermediate
Flutter and nestjs developer,Fixed-price,Expert
Flutter Mobile Developer,Hourly: $10-$30,Expert
DevOps needed for a FinTech startup!,Hourly: $20-$35,Entry level
Flutter and nestjs developer,Fixed-price,Expert
Experienced Flutter and iOS Developer Needed,Hourly: $15-$30,Intermediate
Senior Flutter Developer - Mobile,Hourly: $65-$85,Expert
Flutter mobile app developer android and iOS.,Fixed-price,Intermediate
Create dynamic drop-downs with FlutterFlow,Hourly: $15-$30,Intermediate
In flutter app you need to parse the binary data to a chart.,Hourly: $10-$15,Expert
Flutter dog app bug fixes,Fixed-price,Expert
Developer is needed!,Hourly: $15-$30,Intermediate
Video calling feature using flutter and firebase,Fixed-price,Intermediate
Need a flutter Developer,Hourly: $5-$27,Intermediate
Senior Developer - Tech Startup,Fixed-price,Expert
Flutter & dart expert,Hourly: $3-$10,Expert
"""Urgent: Mobile Development Freelancers Wanted for Item Rental App Project",Fixed-price,Expert
Flutter APP - Frontend,Fixed-price,Intermediate
Looking for Full Stack Dev.,Hourly: $15-$30,Intermediate
Flutter developer to fix and maintain an existing app,Hourly: $10-$15,Intermediate
Experienced Flutter Developer Needed,Hourly: $15-$35,Expert
Build a cocktail web app based on the existing Android app,Hourly: $15-$60,Intermediate
Flutter project compile apk/do minor changes/publish,Fixed-price,Expert
Fully Functional Complete Flutter App Needed,Fixed-price,Expert
"create an app to launch and manage sponsored ads on FB, IG, Snapchat, and Tiktok.",Fixed-price,Expert
Senior Flutter Developer,Hourly: $30-$34,Expert
Flutter Developer,Hourly: $15-$30,Intermediate
Laravel Developer Needed For API Work,Fixed-price,Intermediate
"Build Responsive Flutter App (Ios, Android): Texting App",Fixed-price,Entry level
Flutter Developer for a Healthcare App,Hourly: $65-$100,Expert
Camera settings app to set back camera as default for all 3rd party video call,Fixed-price,Intermediate
SSH over SSL/TLS Vpn for ios and android using flutter,Hourly: $5-$10,Intermediate
Flutter App Redesign & Development,Fixed-price,Intermediate
Flutter Developer Needed,Hourly,Expert
Make Full flutter,Hourly: $26-$39,Intermediate
Make Full flutter,Hourly: $26-$39,Intermediate
Flutter / Graphql E-Commerce Project,Hourly,Intermediate
Make Full flutter,Hourly: $26-$39,Intermediate
"Mobile App developer (Backend) Laravel, NoSQL, mySQL, API, digital ocean, Flutter",Hourly: $5-$15,Expert
Build flutter app with backend,Fixed-price,Intermediate
Full-stack Software Developer,Hourly: $15-$20,Intermediate
Money pooling or Save money app,Fixed-price,Expert
"Build in inhouse equipment rental app in flutter, ONLY with SOLO Dev",Fixed-price,Entry level
Looking for Hybrid Mobile App developer,Hourly: $40-$60,Expert
Building IPTV Mobil app using Kotlin,Fixed-price,Expert
Flutter Developer,Hourly: $7-$9,Intermediate
Flutter package for image filters,Fixed-price,Expert
Looking for short term Flutter developer - 3-5 days work in Greece,Fixed-price,Expert
"Rebuilding an Android App with Flutter for Android, iOS, Win, Mac",Hourly: $20-$60,Expert
Flutter Developer,Hourly,Expert
Looking for Full Stack Dev.,Hourly: $15-$30,Intermediate
Flutter project compile apk/do minor changes/publish,Fixed-price,Expert
Android and IOS App,Fixed-price,Intermediate
Flutter App for the access system device,Hourly: $15-$20,Intermediate
Android App Improvement,Fixed-price,Intermediate
Flutter Developer,Hourly: $5-$30,Intermediate
Real-Estate website using flutter,Fixed-price,Intermediate
Looking for Flutter animation expert,Hourly: $25-$40,Intermediate
Looking for Flutter animation expert,Hourly: $25-$40,Intermediate
Looking for Flutter animation expert,Hourly: $25-$40,Intermediate
Looking for Flutter Developer,Hourly: $15-$30,Intermediate
QUICK MONEY: Flutter developer needed for pitch detection in realtime for a music,Hourly,Intermediate
Frontend Flutter Developer,Hourly: $20-$30,Expert
Looking for a Flutter developer to continue to build my website,Fixed-price,Expert
Senior Flutter Developer - Mobile,Hourly: $20-$30,Expert
Senior Flutter Developer,Hourly: $20-$30,Expert
Improve the performance of a Flutter-based website,Fixed-price,Expert
Flutter Developer for frontend work,Fixed-price,Intermediate
Flutter or React native developer from Europe_will provide UI designs,Fixed-price,Expert
Flutter Dev for long term project,Hourly: $15-$30,Intermediate
Custom website + mobile apps (ios/android) for a e- ecommerce marketplace,Hourly: $15-$65,Expert
Flutter Dev for long term project,Hourly: $15-$30,Intermediate
Flutter Developer experienced,Hourly,Intermediate
Flutter CTO - Monogamish,Hourly: $25-$45,Expert
FlutterFlow Social Media App with AI integration,Hourly,Intermediate
Looking for a Flutter app developer team to fix and improve current project,Fixed-price,Expert
Mobile App Development,Hourly: $10-$20,Entry level
Flutter app streamling and redesign,Hourly: $50-$90,Expert
Custom website + mobile apps (ios/android) for a service marketplace,Hourly: $25-$40,Intermediate
Buy your standard geofence app,Fixed-price,Intermediate
Build app for Fitness Club Network. Crossplatform. iOS and Android versions needed,Fixed-price,Intermediate
Mobile Ui/Ux design for saas application,Hourly: $17-$35,Intermediate
Simple mobile app,Hourly,Intermediate
Develop an app using Flutter,Hourly: $5-$15,Intermediate
Flutter Developer,Fixed-price,Intermediate
Ruby on Rails + Flutter,Hourly,Expert
Build a flutter app for car parts,Fixed-price,Intermediate
Update a Flutter Application to use the latest flutter/dart versions,Fixed-price,Intermediate
Integrate Stripe Connect with FlutterFlow app project.,Hourly: $15-$35,Intermediate
Seeking a Flutterflow developer to complete an MVP for a Health and Wellness app,Hourly: $15-$25,Intermediate
Build a responsive flutter app,Fixed-price,Intermediate
Looking for Android developers,Hourly: $3-$10,Expert
Flutter Mobile Application Developer || Hot or Not || Remote,Hourly,Expert
Expert Flutter Developer,Hourly: $25-$100,Expert
We need full stack Developer!,Hourly: $15-$30,Intermediate
Add a subscription option in Flutter grocery app purchased from Codecanyon,Fixed-price,Intermediate
Looking for Flutter Developer,Hourly: $15-$30,Intermediate
Cross-platform app development on Flutter,Hourly: $20-$35,Expert
App Developer for Cold Cramps,Hourly: $20-$40,Expert
Build an OTT Video streaming Mobile application and Web application using Flutter. (Kids Netflix),Fixed-price,Intermediate
Flutter Web Developer (Front End Development),Hourly: $5-$6,Intermediate
Flutter Developer for IOS build and store listing,Fixed-price,Expert
Flutter Developer,Fixed-price,Intermediate
Flutter developer,Fixed-price,Expert
Work on partially done flutter project,Fixed-price,Intermediate
App Development,Hourly,Intermediate
Mobile App Developer,Hourly: $50-$71,Intermediate
The Android app will be in React Native / Flutter,Hourly: $27-$41,Intermediate
Flutter Developer Needed Immediately for App Fixes,Fixed-price,Expert
Flutter app Desktop POS,Hourly: $30-$42,Intermediate
Flutter app Desktop POS,Hourly: $30-$42,Intermediate
Adding features to fluxstore app (woocommerce),Fixed-price,Expert
Flutter Developer,Hourly: $10-$45,Expert
Flutter developer,Hourly: $5-$10,Intermediate
Real-Estate website and application using flutter,Fixed-price,Intermediate
The Android app will be in React Native / Flutter,Hourly: $27-$41,Intermediate
The Android app will be in React Native / Flutter,Hourly: $27-$41,Intermediate
Flutter app Desktop POS,Hourly: $30-$42,Intermediate
Flutter/Dart Engineer,Hourly: $35-$65,Expert
Continued Development and Implementation of Sleep Tracking Features for iOS and WatchOS,Fixed-price,Expert
Flutter fixed and improvements,Hourly,Intermediate
Build Mobile Apps Point Of Sales (Multi Outlets) with Flutter + Laravel Backend,Fixed-price,Intermediate
Flutter Developer Needed to Complete Existing App and Deploy to App stores,Hourly,Expert
Mobile App Developers,Hourly: $25-$45,Expert
We need full stack Developer!,Hourly: $15-$30,Intermediate
Simple task management system using Django and Flutter (fullstack developer),Fixed-price,Intermediate
Tinder Clone Script,Fixed-price,Expert
Build a mobile pairing app,Hourly: $20-$45,Expert
Developer needed for end to end mobile app development,Fixed-price,Intermediate
Development of the RTL version of the Flutter app,Fixed-price,Intermediate
Flutter developer required for a task,Fixed-price,Intermediate
Develop from scratch PWA VueJs app (only frontend),Hourly: $5-$15,Intermediate
Looking for Flutter Developer,Hourly: $15-$30,Intermediate
"Hybrid Developer with knowledge on Cordova, Flutter, React, Xamarin to test our cross platform SDK's",Hourly,Intermediate
Wordpress + Flutter - Ecommerce website,Fixed-price,Intermediate
Senior Flutter/Dart Engineer,Hourly: $45-$52,Expert
A flutter developer needed to develop a mobile application with mock-ups,Fixed-price,Intermediate
Looking for flutter dev,Hourly: $10-$27,Expert
Build Laravel application linked to Postgres database,Hourly: $45-$60,Expert
Angular and Flutter Application Developer,Hourly: $12-$25,Entry level
Flutter developer for web apps,Hourly: $10,Intermediate
Full Stack App Developer (Flutter),Hourly: $25-$47,Expert
Looking for flexible Flutter developer located in VIetnam,Fixed-price,Intermediate
Flutter developer needed to connect with Rest API,Fixed-price,Intermediate
Application pour film et série et musique,Fixed-price,Expert
Brazilian Marketplace Project aimed at manufacturers and suppliers.,Fixed-price,Intermediate
We need a flutter developer to fix some bugs in our application.,Fixed-price,Entry level
APP TO MAKE SALES ROUTES WITH GEOLOCATION OF CUSTOMERS AND MONITORING from seller user,Fixed-price,Intermediate
"API Integration (Flutter, React Native)",Hourly: $15-$40,Expert
Experienced Flutter Developer Required for Long Term Development Support,Fixed-price,Intermediate
Build a Mobile app with maps feature like uber,Fixed-price,Entry level
Flutter - Server Driven UI,Hourly: $25-$45,Expert
Need help with a Flutterflow application,Fixed-price,Intermediate
Front-end Developer /Flutter / Mobile App Developer,Fixed-price,Expert
Swift expert debugging help,Hourly,Expert
Android developer needed,Fixed-price,Entry level
Looking For Flutter Developer,Fixed-price,Expert
Mobile app is a cooperative card game,Hourly: $15-$25,Intermediate
Android/iOS App Development,Fixed-price,Intermediate
Need to convert an existing template of cleaning app to a website and app,Fixed-price,Expert
Social Media Application (Flutter Application),Hourly,Intermediate
Emulator own mifareclassic FLUTTER,Hourly: $31-$39,Intermediate
Emulator own mifareclassic FLUTTER,Hourly: $31-$39,Intermediate
Emulator own mifareclassic FLUTTER,Hourly: $31-$39,Intermediate
Meditation App: Backend Flutter Developer familiar w/ FlutterFlow Needed to Get App Ready to Market,Hourly: $30-$40,Intermediate
Flutter / Firebase developer to convert web project into native app,Fixed-price,Intermediate
Android Trainer with hands-on experience in Flutter/Xamarin/Firebase. Location Bengaluru.,Hourly,Intermediate
Need help developing a voice to text clarity app,Hourly,Intermediate
FLUTTER DEVELOPER needed to implement push notification without firebase,Hourly,Intermediate
Figma (done) - Flutter - Fully Functional (48 Hours),Hourly,Expert
Integrate extensive geolocation to existing flutter app,Hourly,Expert
Need help with Flutter Stripe integration.,Hourly: $25-$45,Expert
Flutter Developer needed for video conference connection,Fixed-price,Intermediate
Build a simple game app,Hourly: $12-$18,Intermediate
"Multivendor ios,android app and website (open for price negotiations)",Fixed-price,Intermediate
Flutter Flow App,Hourly: $25-$45,Expert
Help build a Android demo app,Fixed-price,Entry level
Flutter & firebase developer,Hourly: $15-$30,Intermediate
Flutter Developer,Hourly: $15-$30,Expert
Handling payments and payouts in marketplace mobile App,Fixed-price,Intermediate
Need a flutter expert,Fixed-price,Intermediate
Mobile App Creation,Hourly: $25-$45,Expert
Application programming in Arabic and English is required,Hourly: $20-$50,Expert
Flutter / Dart Developer,Fixed-price,Intermediate
Expert Flutter Developer for made changes in our current application,Fixed-price,Expert
Flutter Mobile Developer - Full Time,Hourly: $6,Intermediate
Looking for FlutterFlow Expert,Hourly: $15-$40,Expert
Invitation Card Maker App for iOS & Android - Flutter Developer Only,Fixed-price,Intermediate
Simple Game Development in Java/Kotlin/Flutter,Fixed-price,Entry level
Need a Developer who have experience with Apple app clips,Fixed-price,Expert
Flutter Expert Developer,Hourly: $15-$45,Expert
Integrate admob open in flutter project and small update in native ads,Fixed-price,Intermediate
Looking to improve flutter app performance,Hourly: $4-$6,Expert
Rental company app flutter,Fixed-price,Entry level
Flutter Developer for small project,Hourly: $4-$8,Entry level
Flutter + Laravel Developer needed,Fixed-price,Intermediate
Flutter/Dart Developer,Hourly: $15-$30,Intermediate
Looking for an expert Flutter and Laravel developer,Hourly: $25-$47,Expert
Flutter Training Needed - Just Purchased Android App,Hourly: $12-$25,Entry level
Develop a Flutter app: front end and backend,Fixed-price,Intermediate
Ios App build using Flutterflow.io to create recording app,Fixed-price,Entry level
App designer,Hourly: $15-$50,Intermediate
Fix Flutter App to Publish an iOS version,Fixed-price,Entry level
"Need Bug fix quickly, uses typescript&GraphQLClient to call apis on existing app/Mac & iphone NEEDED",Fixed-price,Expert
Flutter developer for iOS/Android app with RESTful and SSE,Hourly: $15-$50,Intermediate
Flutter Flow App Developer,Fixed-price,Intermediate
Help submitting Flutter app to Google Play store,Hourly: $70-$100,Expert
Mobile development,Hourly: $10-$15,Intermediate
Insurance app developer- web or mobile,Fixed-price,Expert
Developer needed for mobile app (Android+iOS) | Flutter + Firestore + Google Cloud NLP,Fixed-price,Intermediate
Mobile Rental Application (Download) - E-commerce functionality (similar to food delivery) x2,Fixed-price,Intermediate
Looking for mobile app developer,Fixed-price,Expert
Mobile app development,Fixed-price,Expert
"Healthcare institution indoor mapping, navigation & positioning software by BLE device",Fixed-price,Intermediate
Flutter App,Hourly: $25-$45,Expert
PHP and Flutter Mobile Developer for a Healthcare Mobile application,Fixed-price,Expert
Android App Development,Fixed-price,Intermediate
App just like dubizzle.com,Hourly: $15-$30,Expert
Extract data from a Flutter firebase App via reverse engineering,Fixed-price,Expert
Android application,Fixed-price,Intermediate
Make mobile app in Flutter,Hourly,Intermediate
Improve UI of an Existing App and make it look professional,Fixed-price,Intermediate
Flutter Developer (No agency),Fixed-price,Expert
Flutter App Developer needed!,Hourly: $15-$35,Intermediate
Flutterflow developer needed for green field dating app,Hourly: $15-$30,Intermediate
We are looking for a mobile app developer to develop an app with Flutter,Hourly: $12-$25,Entry level
Build me a Delivery System App,Fixed-price,Intermediate
Develop application for earth moving equipment distributor,Hourly: $15-$30,Intermediate
Publish Flutter App to my Play Store,Fixed-price,Intermediate
Real-time Crypto trading simulator application,Fixed-price,Expert
Improve performance of an Existing App and make it look professional,Fixed-price,Intermediate
Car-washing Mobile app,Hourly,Expert
Flutter With NFC,Fixed-price,Intermediate
Flutter app for restaurant ordering using php api to backend database,Fixed-price,Entry level
Backend Software Engineer (3yrs+),Hourly: $4-$15,Intermediate
Modifying and Configuring a Flutter App,Hourly: $25-$45,Expert
Convert existing ios app to flutter,Hourly,Expert
Flutter App with Full Stack Project MVP,Fixed-price,Expert
"Build an Asterisk for WebRTC with PJSIP, h264 video",Fixed-price,Expert
Flutter Developer,Hourly: $50-$70,Expert
InfixEdu - Open Source Flutter for Android & iOS,Hourly: $12-$25,Entry level
Full Stack Developer - asp.net & Flutter,Hourly: $5-$30,Intermediate
Ios release app,Fixed-price,Intermediate
I need someone to make an android and iphone app for me,Fixed-price,Intermediate
Flutter Animation Expert,Hourly: $25-$50,Expert
FLUTTER APP must be deployed TO APP STORE AND ANDROID STORE,Fixed-price,Entry level
Flutter Developer needed to complete app and create website for app. Source code available,Fixed-price,Intermediate
Mobile App Developer Needed to Migrate Legacy Kotlin and Swift Codebases to Flutter,Hourly: $46-$68,Intermediate
convert script php to Saas,Fixed-price,Intermediate
Need to Develop SaaS based Wellness Product,Fixed-price,Expert
Flutter Developer,Hourly: $5-$25,Expert
I have an App designed by Flutter I need to publish on iOS by Arabic and Eng name,Fixed-price,Entry level
Optimise flutter web app to have page speed score higher than 80,Fixed-price,Intermediate
Flutter Developer with PHP+ Laravel Skill to build an E-learning App.,Fixed-price,Intermediate
Android iOS app publishing,Fixed-price,Expert
Flutter Developer,Fixed-price,Expert
Flutter - Svelte & Firebase Realtime Database Developer FULL STACK,Hourly: $80-$140,Intermediate
Google sign in on exsisting flutter project,Fixed-price,Intermediate
Code review specialist to review app using MySQL,Hourly: $35-$55,Intermediate
"Build complete flutter app for iOs, Android and web",Fixed-price,Expert
Frontend Developer to integrate Web and Mobile Template to E-Commerce SAAS platform marketplace,Hourly: $10-$20,Intermediate
(Urgent) Integrate Facebook Ads SDK and Pixel into Flutter App,Fixed-price,Expert
Senior iOS Engineer (Airbnb),Hourly: $70-$75,Expert
Looking for a Flutter / Dart Developer,Hourly: $25-$45,Expert
"Flutter Developer to implement new APIs, fix some bugs, change some features and add some UI left",Fixed-price,Expert
Flutterflow App Build,Hourly: $15-$35,Intermediate
Flutter Developer,Hourly: $10-$20,Expert
Looking for Mobile Developer to fix issue on Flutter aplication,Fixed-price,Intermediate
Flutter Flow Developer (Web & Mobile Apps),Hourly: $15-$30,Intermediate
Developper for IOS and Android app,Fixed-price,Intermediate
FFMPEG Programmer - Library Customization,Hourly: $45-$65,Expert
Build iOS & Android Mobile Apps for a Payment Product using Flutterflow and Flutter,Hourly: $15-$30,Intermediate
iOS/Android - Create dating app (Tinder clone),Hourly,Expert
Flutter developer,Hourly: $25-$45,Expert
Reskin codcanyon flutter mobile app,Fixed-price,Intermediate
"ERPNext Installation, Customization and Mobile App using Flutter",Hourly,Expert
React Native Developer,Hourly,Intermediate
Flutter Task for my App,Fixed-price,Intermediate
App Developer / react / flutter,Fixed-price,Intermediate
Flutter Application with Firebase connection Ready to Publish,Hourly,Expert
UX UI for Mobile App,Hourly: $5-$20,Intermediate
UI/UX Designer for Flutter Mobile App,Hourly,Expert
Flutter developer with Bloc pattern for multiple small tasks,Fixed-price,Intermediate
"Want a stable long-term job, with nice friendly people? Get a Flutter developer job with us.",Hourly: $10-$20,Expert
Flutter Mobile Developer,Fixed-price,Expert
Building mobile app and website,Fixed-price,Intermediate
Flutter developer,Fixed-price,Intermediate
Flutter Mobile Developer for Kids' E-Learning App,Hourly: $25-$45,Expert
Looking for Flutter developer,Hourly: $5-$10,Entry level
How to read Cookies Data from api in Flutter,Fixed-price,Intermediate
Flutter Developer,Hourly: $10-$30,Intermediate
Flutter based Mobile App Developer,Hourly: $10-$25,Intermediate
Hiring Developer flutter,Fixed-price,Expert
Hybrid app developer needed to build app to take appointments online and offline with payment,Fixed-price,Intermediate
Bug fixes flutter(ref:crashlytics) on existing app in stores(need Mac and iphone to test iOS),Fixed-price,Expert
Integrate API in flutter application,Fixed-price,Entry level
Flutter developer needed to improve existing student academic management application,Fixed-price,Intermediate
Expert Flutter,Hourly: $14-$16,Intermediate
Chat app development,Fixed-price,Intermediate
Flutter or React native developer from Europe and Ukraine to build my app-UI design skill is bonus,Fixed-price,Expert
rental and team app build in flutter for web and iOS,Fixed-price,Intermediate
Senior iOS/Android Flutter Developer,Hourly: $15-$30,Intermediate
Need a flutter Developer for resolving few bugs,Fixed-price,Intermediate
I need a serious and good Dart/Flutter Mobile App Development,Fixed-price,Intermediate
Flutter Developer Needed for App Fixes,Fixed-price,Expert
Experienced Flutter Developer for Ongoing Relationship,Hourly: $3-$60,Expert
Restaurant Native App,Fixed-price,Expert
iOS & Android app development,Hourly: $10-$25,Intermediate
Mobile developer needed for a consultation to debug a native app network traffic,Fixed-price,Expert
Flutter develop proof of concept,Fixed-price,Intermediate
Figma to Flutter mobile music player app,Fixed-price,Intermediate
Required flutter developer with bloc state management experience,Hourly: $20-$30,Intermediate
Need an experienced Android developer with NodeJS experience,Fixed-price,Intermediate
Flutter developer,Hourly: $17-$32,Intermediate
Flutter developer and UX expert,Hourly,Intermediate
Flutter Buy Sell Algorithm Settings and Amendment to make it user friendly.,Hourly: $10-$45,Expert
Php laravel and flutter 2.2.3 framework,Fixed-price,Intermediate
Flutter mobile app Category UI enhancement,Hourly: $20-$40,Intermediate
Flutter + Node JS Developer for Mobile APP,Fixed-price,Intermediate
Flutter app developer,Fixed-price,Intermediate
Looking for Flutter Developer,Fixed-price,Intermediate
Flutter developer,Hourly: $25-$45,Expert
"Need Flutter developer for 20-hour work. 2 API Integration, UI changes, and deployment",Hourly: $5-$8,Entry level
Flutter Trainer Required for Experienced Android Developer,Fixed-price,Expert
UX/UI Designer for Flutter Apps,Hourly,Intermediate
"Student Bus Tracking Gps Application-Android,İos,Web Python, Node.Js, Flutter",Fixed-price,Expert
Maintain an existing Delphi FireMonkey (mobile) app and later port it to Flutter (Android & iOS),Hourly: $15-$30,Intermediate
Reactjs Nodejs developer,Fixed-price,Intermediate
Android Application developer using Flutter,Fixed-price,Intermediate
Full Stack Developer for Food Delivery Webapp and SaaS Conversion,Hourly: $15-$30,Intermediate
Need Experienced Flutter and Firebase developer For Making a simple app,Fixed-price,Intermediate
Flutter - Implementation of Isolates/compute inside stack widgets,Fixed-price,Intermediate
Flutter developer and recruiter,Hourly: $9-$20,Intermediate
Social Media App,Hourly: $15-$50,Expert
Film & serie app,Fixed-price,Expert
Flutter App to collect Apple Health data only,Hourly,Intermediate
Flutter Mobile Developer,Hourly: $8-$10,Entry level
Flutter and Firebase Developer,Hourly,Intermediate
(Vollzeit/Teilzeit/Minijob) Erfahrener Flutter App-Entwickler für Minecraft Utility Apps,Hourly,Expert
Real-Estate website and application using flutter,Fixed-price,Intermediate
Flutter Developer,Fixed-price,Intermediate
Programming an app with flutter or pwa,Hourly: $15-$30,Intermediate
Full stack Flutter Developer,Hourly,Intermediate
Mobile Marketplace application development,Hourly,Expert
"Fork Flutter package to make it compatible with Web, Windows & Mac",Hourly,Expert
Run flutter app which was perfectly okay few months ago,Fixed-price,Intermediate
AIS simulator website or app needed,Fixed-price,Expert
Flutter developer required,Fixed-price,Entry level
"full stack developer in Michigan, USA",Hourly: $35-$86,Expert
Senior Mobile Developer (React Native or Flutter),Hourly: $60-$80,Expert
Develop Shadow Task Pro,Fixed-price,Entry level
Experienced Mobile App Developer Wanted for Optimizing Software Development Project,Fixed-price,Expert
Flutter,Fixed-price,Expert
"App Development (Flutter, GPS, Mapbox)",Hourly: $15-$30,Intermediate
Need help publishing mobile app on Google Play Store and Apple AppStore,Fixed-price,Intermediate
Laravel Backend developer,Fixed-price,Expert
Integration of rss feeds automated news aggregator api into android flutter mobile app,Fixed-price,Expert
Senior Mobile Developer at BNN,Hourly: $25-$45,Expert
International calls app,Fixed-price,Expert
Flutter Developer,Fixed-price,Entry level
Flutter Developer,Fixed-price,Expert
Mobile App developer,Fixed-price,Intermediate
Flutter Developer,Hourly: $12-$18,Intermediate
Native android development,Fixed-price,Expert
Flutter developer,Fixed-price,Intermediate
An SNS-like App using Flutter and AWS,Fixed-price,Expert
Flutter Developers for Mobile App Developments,Hourly: $15-$30,Intermediate
"Hello, I want to make an android app. For this I need a skilled app developer.",Hourly: $25-$45,Expert
More money for good work!,Fixed-price,Expert
Mobile application developer,Fixed-price,Expert
Optimize Flutter & Firebase app and add some features,Fixed-price,Intermediate
Music Mobile App / Website,Fixed-price,Intermediate
Build the layout of a mobile app made in flutter,Hourly: $15-$25,Expert
Seeking Fullstack Engineer with Flutter Experience,Hourly: $55-$70,Expert
Senior Flutter Developer,Hourly: $25-$45,Expert
Flutter Developer needed for small notification app,Fixed-price,Entry level
Build a mobile content app with Flutter / Firebase,Hourly,Expert
Simple Job Dispatching App,Fixed-price,Expert
Python AI library for mobile app,Hourly: $20-$40,Expert
"Flutter expert, to build cross-platform app",Fixed-price,Expert
Expert Flutter developer needed to build the web version of our mobile app,Fixed-price,Expert
Flutter Developer for RTSP VLC,Hourly: $25-$45,Expert
Mobile app development,Hourly: $15-$20,Intermediate
Flutter Bible Trivia Question Game - cross platform app,Hourly,Intermediate
Flutter Engineer Needed,Hourly: $5-$12,Intermediate
Thesis Project: Android and ios mobile app developer,Fixed-price,Expert
Need to create a job dispatching app,Fixed-price,Expert
"Flutter Developer Intern, 100$/Month",Fixed-price,Intermediate
We need someone to write a basic app to print on the printer.,Fixed-price,Expert
"Flutter based app for user travel tracking, map integration",Hourly: $15-$25,Intermediate
Wordpress flutter developer,Fixed-price,Expert
IoT Display App,Fixed-price,Entry level
Need a flutter developer who can develop my Application (read description),Fixed-price,Expert
Flutter No Code App - Similar to Dating App,Fixed-price,Intermediate
Looking to Buy an already built App like InDrive/Uber/Careem/Ola,Hourly,Expert
Flutter Chat App With Firebase,Fixed-price,Expert
QUICK MONEY: Flutter developer needed with experience in VPN App development,Hourly,Entry level
"Flutter Developer Intern, 100$/Month",Fixed-price,Intermediate
Flutter Developer who has developed Flutter WEB & MOBILE APP from Scratch - The stipend is 90$/Month,Fixed-price,Entry level
Ledger app for managing loans,Fixed-price,Intermediate
"We are looking for a Flutter and Wordpress developer,",Fixed-price,Intermediate
Fix flutter app,Fixed-price,Intermediate
Flutter Website - Firebase work,Hourly: $25-$50,Expert
Android + iOS (Flutter) developer for a medium project,Hourly: $5-$7,Intermediate
Flutter & PHP expert for upgrading mobile app,Fixed-price,Intermediate
Creating mobile app,Fixed-price,Intermediate
Write an App in Flutter for Android and iOS,Fixed-price,Expert
Mobile App in Flutter,Fixed-price,Expert
Create App with DhiWise 2.0 or Plugin Figma to Flutter - Car Marketplace App,Hourly,Intermediate
IOS App installation and upload on App Store Issue,Hourly: $5-$8,Intermediate
Flutter Developer needed to build IOS and Android app,Hourly,Expert
Flutter + Firebase Genius for our Web App MVP,Hourly: $10-$20,Intermediate
Senior Flutter/Dart developer for exciting app projects,Hourly: $40-$49,Expert
Woocommerce mobile app development for android and iOS,Fixed-price,Entry level
Need a nextJS developer to translate a flutter api,Fixed-price,Entry level
Full-stack flutter + .net developer,Hourly: $20-$30,Expert
Flutter / React Native App Developement from scratch,Hourly,Expert
Mobile Application,Hourly: $8-$15,Intermediate
Flutter Mobile Developer for IT company,Fixed-price,Expert
Flutter and Firebase developer,Fixed-price,Expert
Build a NFC Web/App (Backend and Frontend)(Flutter),Fixed-price,Intermediate
Need a senior professional developer for flutter Arabic Quran application,Hourly: $10-$65,Expert
WordPress news flutter app,Fixed-price,Expert
Build a mobile app using React/Flutter (audio/video player experience preferred),Hourly: $15-$30,Intermediate
Looking for a food delivery mobile app,Fixed-price,Expert
Flutter error in build apk,Hourly: $5-$6,Intermediate
Flutter App with Major Customization,Fixed-price,Intermediate
Flutter/Dart Admin Panel with ServerPod,Fixed-price,Expert
Flutter Developer with Firebase Experience Needed,Fixed-price,Expert
Mobile developer - flutter (iOS / Android) needed for an E commerce App.,Fixed-price,Expert
Support the management system,Fixed-price,Expert
Flutter developer who has rich experience in handling images and videos,Hourly: $35-$60,Intermediate
ISO of a highly skilled Mobile App Developer,Hourly: $46-$68,Intermediate
Siri Flutter App,Hourly: $10-$20,Expert
Review and improve existing app,Fixed-price,Expert
Professional UI design and flutter app developer for healthcare app,Fixed-price,Intermediate
Flutter - Front-End and UI Developer,Fixed-price,Intermediate
Flutter iOS Notification Issue,Fixed-price,Intermediate
Simple CRUD App with firebase using flutter,Fixed-price,Expert
"Improve responsive Flutter Mobile apps , and desktop website",Hourly: $37.5-$68,Expert
Senior Mobile Developer,Hourly: $30-$75,Expert
Flutter developer Needed for long term project,Hourly,Intermediate
Help me to manage notification for iOS with flutter and firebase before tomorrow night,Fixed-price,Expert
Full Stack Developer needed for Deck of Cards workout app,Hourly: $25-$45,Expert
Website & Flutter,Hourly: $25-$45,Expert
Programador Flutter - Modificar y Publicar App CodeCanyon (Spanish Only),Fixed-price,Intermediate
Develop an Islamic prayer app (Calculation-based),Fixed-price,Expert
Need a Strong Flutter Developer,Hourly: $8-$40,Expert
Looking for Flutter Expert,Fixed-price,Expert
Looking for Flutter developer,Hourly: $11-$30,Intermediate
Backend Node.js Developer,Hourly: $20-$30,Intermediate
Looking for a Flutter + Firebase Genius for our Web App MVP,Hourly: $10-$30,Intermediate
UI/UX developer required for Fintech application,Fixed-price,Intermediate
Build performant cross-platform Flutter mind mapping tool with a graph as its underlying construct,Fixed-price,Intermediate
Intergrate Chat GPT into an application for ios and android,Hourly,Expert
Flutter developer(fixing bugs and new features),Fixed-price,Intermediate
Mobile Application Development,Hourly: $25-$45,Expert
Flutter Developer ( iOS & Android ),Hourly: $7-$10,Expert
Flutter Developer: existing mobile app android/iphone,Fixed-price,Expert
Debug mobile apps and create builds - react native or flutter developer with backend experience,Fixed-price,Expert
A Laravel expert is needed for a developing a restful API for a mobile application,Fixed-price,Expert
Need eye-tracking integration into flutter mobile game applications,Hourly: $15-$25,Intermediate
Developer Needed for Travel and Entertainment App,Fixed-price,Expert
Flutter game developer,Fixed-price,Intermediate
Fullstack Flutter dev build new food tech product,Hourly: $15-$30,Intermediate
Application development front and back end,Fixed-price,Expert
Flutter app bluetooth functionality,Fixed-price,Entry level
Flutter Developer,Hourly: $10-$35,Intermediate
Building a mobile app for iOS android and web,Fixed-price,Intermediate
Developer needed to build a web/iOS/Android cross platform mobile app,Fixed-price,Expert
Offline Mobile Mapping App PoC Development,Hourly,Expert
Flutter App Paring Coding with Bluetooth Connection,Hourly: $25-$55,Expert
Andriod games and flutter,Fixed-price,Entry level
Mobile app developer needed for a social engagement platform,Fixed-price,Intermediate
Remove white screen before splash screen in flutter app,Fixed-price,Intermediate
"Full stack development php, app",Fixed-price,Intermediate
broadcast part of the application through Agora,Fixed-price,Expert
Mobile App Development,Hourly,Expert
Full stack developer (Flutter + Laravel) needed to develop a feature in an existing app.,Hourly,Expert
Developer for handling Elixir backend development,Hourly: $10-$12,Expert
"Build a web system using Asp,net Core that will work with a mobile app build using Flutter",Fixed-price,Intermediate
"Need to Develop Marketplace Product ( Like Airbnb, OYO)",Fixed-price,Expert
Simple PoC Flutter App,Hourly: $8-$10,Intermediate
Flutter Developer required for a project,Fixed-price,Expert
Looking for Flutter (Firebase) Developer,Hourly: $10-$29,Expert
Flutter Mobile Developer Wanted - NEED ASAP,Hourly: $10-$30,Intermediate
Application back end developer,Fixed-price,Expert
Prototype a Front-end Version of a Mobile App,Fixed-price,Entry level
"Flutter Senior Developer, an EXPERT in the BLoC architecture",Hourly: $15-$30,Expert
FlutterFlow developer,Fixed-price,Expert
Front End Dev for FinTech - Flutter Experience,Hourly: $20-$30,Expert
Mobile Developer with Construct / Cordova Expertise,Fixed-price,Intermediate
Psikoterapi Seans Yönetim Uygulaması,Hourly: $15-$40,Intermediate
"Full Stack Developer - Angular, Flutter, Node",Hourly: $15-$30,Intermediate
Flutter to Chrome Extension Developer (or ReactJS),Hourly: $25-$45,Expert
Expert Flutter developer (potentially chance to become cofounder),Hourly: $25-$85,Expert
Edison Ev Android & IOS app,Hourly: $10-$30,Intermediate
Mobile App development,Hourly,Intermediate
Native android development,Fixed-price,Expert
Build Android (Kotlin) Component for Mobile App,Hourly: $24-$27,Intermediate
"Convert an existing Squarespace site to Flutter front-end, running on AWS",Hourly: $15-$30,Intermediate
Backend engineer | Typescript | CDK | GraphQL,Hourly: $10-$30,Expert
Build iOS & Android Mobile Application,Hourly: $25-$45,Expert
We looking for a Flutter developer to fix bugs and write new functionality (long-term cooperation),Hourly: $20-$45,Expert
Senior Flutter Dev,Hourly: $15-$20,Intermediate
"Develop 2 simple android games on React/Kotlin/Java/Xamarin/Dart/libGDX/Flutter - ""Chaotic"" / ""Dice""",Fixed-price,Intermediate
Flutter Developer,Hourly: $3-$18,Intermediate
Flutter Developer,Hourly: $25-$50,Expert
Frontend Developer Needed,Hourly: $15-$25,Intermediate
App Developer that specializes in ReactJS experience. Preferably someone who builds Admin Panels,Fixed-price,Intermediate
Looking for mobile app developer to develop a Heads Up type app,Fixed-price,Expert
Django & Flutter Developer,Fixed-price,Intermediate
Flutter developer for Sports Live Scores Mobile app,Hourly,Intermediate
Looking for a Flutter App developer for eCommerce app development,Hourly: $5-$15,Expert
FlutterFlow Songwriting App Developer,Fixed-price,Intermediate
Small flutter mobile application,Fixed-price,Intermediate
"Pose Estimation Mobile Application prototype (Flutter, Google ML Kit)",Hourly: $30-$60,Expert
Help me verify if an app idea is viable in my country is then i can pay to make it a reality,Fixed-price,Expert
Flutter App Development,Hourly: $25-$45,Expert
Flutter Developer for eCommerce Design & Development - Urgently,Fixed-price,Intermediate
Flutter developer with wordpress experience,Fixed-price,Expert
Looking for Flutter Developer who has experience developing Desktop Apps,Hourly: $15-$55,Expert
Flutter Developer to develop front end App and api integration,Hourly: $5-$20,Intermediate
Top PHP developers with Laravel experience needed to re-build an existing app & launch it in 8 weeks,Fixed-price,Expert
App development for Health monitoring device (not from a scratch),Fixed-price,Expert
Flutter Web Developer,Hourly: $15-$30,Intermediate
Flutter/Dart Developer to fix the youtube media player.,Fixed-price,Expert
Matchmaking app,Fixed-price,Expert
Flutter developer to do only UI and integrate with firebase,Hourly: $20-$35,Expert
Junior Flutter Developer (Mobile and Web Application),Hourly: $10-$20,Intermediate
Flutter deep linking expert,Fixed-price,Expert
Flutter logic developer,Fixed-price,Expert
Need Cross Platform Mobile App. Developer with BLE experience,Fixed-price,Intermediate
Build custom UI for filtering data in Flutter (Dart),Hourly: $15-$35,Intermediate
Mobile App Developer with ChatGPT and DALL-E Integration Experience,Hourly,Intermediate
ShadowSocks v2ray Plugin For Flutter(android && ios),Fixed-price,Intermediate
Mobile Developer for a Private Equity Firm that Acquires Software Businesses,Hourly: $40-$80,Intermediate
Programmers,Fixed-price,Intermediate
Full stack ruby or typescript developer with mobile experience,Hourly: $25-$45,Expert
App Developer,Hourly: $7-$8,Expert
Create asset based 3D avatar environment,Fixed-price,Intermediate
Job listing website,Fixed-price,Expert
Build an adoption app with admin panel with Flutter,Hourly,Intermediate
Flutter developer with laravel based backend.,Hourly: $12-$25,Entry level
Task Management App + Backend,Fixed-price,Intermediate
"Bug fix, existing app crashes on some iOS devices(need Mac and iphone to test iOS native bug)Flutter",Fixed-price,Expert
Looking for a full-stack software developer for a web App and Mobile App,Fixed-price,Intermediate
Flutter coder to Develop and test a mobile app for cooking recipe app,Hourly: $5-$20,Expert
FlutterFlow Expert for Community Video Application,Hourly: $25-$45,Expert
Flutter Developer,Hourly: $7-$16,Intermediate
Excellent hands on experience in Flutter,Hourly: $10-$45,Expert
On Demand Courier / Delivery Mobile App,Fixed-price,Intermediate
Full Stack Development,Fixed-price,Expert
Flutter Mobile Developer (Senior),Hourly: $25-$60,Expert
Simple task management system using Django and Flutter (fullstack developer),Fixed-price,Intermediate
Create delivery flutter app,Hourly: $25-$45,Expert
Flutter Developer,Hourly: $8-$12,Intermediate
Student Consultation platform app developer,Fixed-price,Entry level
Mobile Applications Solution Architect (with broad experience),Hourly,Expert
Flutter UI Development,Fixed-price,Intermediate
"Talented and Experienced Mobile Developers (Flutter, or Native) for MAWAQIT.net projects",Hourly,Expert
Flutter app,Fixed-price,Entry level
Flutter Developer,Fixed-price,Expert
Google Chrome Extension Developer,Hourly: $12-$30,Intermediate
Flutter developer,Hourly: $10-$25,Expert
Marketplace with Back-End in Go Lang and Front-End in Flutter.,Hourly: $15-$30,Intermediate
React Native Developer,Hourly: $10-$20,Expert
Flutter based App development | Similar to Urban Clap Application | Experience developers & Agencies,Hourly: $15-$20,Expert
Flutter / Dart Senior Mobile App Developer,Hourly: $30-$60,Expert
"Tech Lead - python, flutter, Django and ASW",Hourly: $15-$20,Expert
FLUTTER library development,Hourly: $5-$15,Intermediate
UI/UX Designer,Fixed-price,Expert
"Needed Project to be Completed contain different Technologies (ASP.NET Core, Flutter (Dart), ReactJs",Fixed-price,Expert
Create Flutter Projects on Daily Basis,Hourly,Entry level
Create Daily Flutter Projects + Record Videos,Hourly,Entry level
"Backend Developer - Firebase/Firestore/GCP: Typescript Cloud Functions, NoSQL, Clean Code",Hourly: $25-$65,Expert
Flutter Developer - Mobile & Web,Hourly: $20-$45,Expert
Build Flutterflow app,Fixed-price,Intermediate
Flutter Application crashing,Hourly,Intermediate
Rust Developer,Hourly: $30-$50,Expert
Razorpay Flutter Integration,Hourly,Intermediate
Looking for an experienced Flutter/Dart Developer to assist with App,Hourly: $25-$90,Expert
Flutter Application crashing,Hourly,Intermediate
"Build an iOS application with subscriptions, auth, prefer supabase/firebase backend",Hourly: $15-$40,Intermediate
Flutter mobile application - developer,Hourly: $30-$99,Expert
Flutterflow Print PDF data API,Fixed-price,Intermediate
Flutter task,Hourly: $5,Intermediate
Cooding application,Fixed-price,Expert
Flutter Teacher/Tutor - Real-time Development Projects,Hourly: $5,Intermediate